id_venda,id_data,id_posto,id_func,id_comb,qtd_lts,valor_venda
35513,366,1,11354,2,714.37,3723.65
35526,366,1,11354,2,488.87,2548.23
35527,366,1,11354,6,758.4,4977.00
35528,366,1,11354,2,729.87,3804.45
35532,366,1,11354,2,690.64,3599.96
35538,366,2,4528,2,708.12,3691.08
35540,366,2,4528,2,510.15,2659.16
35541,366,2,4528,6,391.07,2566.40
35542,366,2,4528,2,773.94,4034.16
35544,366,2,4528,6,286.66,1881.21
35545,366,2,4528,2,996.97,5196.71
35547,366,2,4528,6,167.9,1101.84
35549,366,2,4528,4,92.7,582.85
35555,366,3,7948,7,74.71,550.05
35559,366,3,7948,7,69.21,509.56
35560,366,3,7948,4,89.98,565.75
35562,366,3,7948,2,464.45,2420.95
35563,366,3,7948,6,406.81,2669.69
35566,366,3,7948,2,268.18,1397.89
35573,366,4,11365,2,823.96,4294.89
35574,366,4,11365,2,134.09,698.94
35575,366,4,11365,7,99.97,736.03
35579,366,4,11365,2,598.99,3122.24
35587,366,4,11365,2,909.33,4739.88
35592,366,5,11372,6,575.89,3779.28
35593,366,5,11372,7,86.87,639.58
35595,366,5,11372,2,123.62,644.37
35596,366,5,11372,5,93.99,515.77
35597,366,5,11372,2,586.98,3059.63
35598,366,5,11372,6,971.54,6375.73
35600,366,5,11372,2,778.58,4058.35
35601,366,5,11372,6,431.07,2828.90
35607,366,5,11372,6,103.97,682.30
35608,366,5,11372,6,855.56,5614.61
35609,366,6,7960,2,239.42,1247.98
35613,366,6,7960,2,182.79,952.79
35614,366,6,7960,7,89.47,658.72
35617,366,6,7960,6,546.45,3586.08
35618,366,6,7960,4,81.29,511.11
35620,366,6,7960,6,155.21,1018.57
35621,366,6,7960,7,92.18,678.68
35622,366,6,7960,6,828.72,5438.48
35624,366,6,7960,6,839.65,5510.20
35628,366,7,7966,2,510.54,2661.19
35629,366,7,7966,6,564.04,3701.51
35632,366,7,7966,2,644.13,3357.53
35636,366,7,7966,2,922.14,4806.65
35639,366,7,7966,2,632.95,3299.25
35641,366,7,7966,6,410.35,2692.92
35642,366,7,7966,2,414.99,2163.14
35645,366,8,11387,6,81.17,532.68
35647,366,8,11387,2,245.36,1278.94
35648,366,8,11387,7,77.12,567.80
35653,366,8,11387,4,95.03,597.50
35656,366,8,11387,6,781.65,5129.58
35658,366,8,11387,4,86.69,545.06
35661,366,8,11387,7,74.19,546.22
35663,366,9,11390,2,249.74,1301.77
35666,366,9,11390,2,252.19,1314.54
35669,366,9,11390,2,188.1,980.47
35671,366,9,11390,2,590.66,3078.82
35674,366,9,11390,2,165.39,862.10
35675,366,9,11390,6,649.5,4262.34
35682,366,9,11390,2,823.85,4294.32
35683,366,10,11396,2,369.45,1925.76
35691,366,10,11396,6,809.74,5313.92
35692,366,10,11396,2,895.07,4665.55
35695,366,10,11396,7,94.15,693.18
35697,366,10,11396,6,446.61,2930.88
35698,366,10,11396,7,81.62,600.93
35699,366,11,11400,2,510.59,2661.45
35701,366,11,11400,4,80.5,506.14
35704,366,11,11400,2,570.55,2973.99
35706,366,11,11400,4,82.13,516.39
35712,366,11,11400,6,592.16,3886.05
35721,366,12,11407,7,98.98,728.74
35724,366,12,11407,7,86.3,635.38
35725,366,12,11407,6,91.77,602.24
35727,366,12,11407,2,808.84,4216.08
35729,366,12,11407,6,643.36,4222.05
35732,366,12,11407,7,76.55,563.60
35734,366,13,11412,7,83.79,616.90
35736,366,13,11412,7,79.73,587.01
35738,366,13,11412,6,251.67,1651.58
35747,366,13,11412,6,719.24,4720.01
35749,366,14,11418,6,590.13,3872.73
35750,366,14,11418,6,249.7,1638.66
35753,366,14,11418,6,645.87,4238.52
35758,366,14,11418,2,321.42,1675.40
35765,366,15,8005,7,78.26,576.19
35768,366,15,8005,4,83.74,526.52
35772,366,15,8005,2,237.4,1237.45
35775,366,15,8005,6,273.12,1792.35
35776,366,15,8005,2,490.62,2557.36
35784,366,16,11429,2,603.5,3145.74
35788,366,16,11429,7,80.81,594.96
35789,366,16,11429,2,957.97,4993.42
35792,366,16,11429,2,466.4,2431.11
35793,366,16,11429,2,875.57,4563.91
35794,366,16,11429,4,90.32,567.89
35798,366,16,11429,6,404.4,2653.88
35803,366,17,11431,7,82.66,608.58
35808,366,17,11431,7,76.32,561.91
35810,366,17,11431,6,592.29,3886.90
35813,366,17,11431,4,80.61,506.84
35823,366,18,11437,2,229.05,1193.92
35824,366,18,11437,6,661.95,4344.05
35826,366,18,11437,2,652.43,3400.79
35830,366,18,11437,2,833.19,4343.00
35835,366,19,11443,2,286.97,1495.83
35842,366,19,11443,7,74.2,546.30
35843,366,19,11443,4,87.35,549.21
35845,366,19,11443,4,87.72,551.54
35849,366,19,11443,5,92.97,510.17
35853,366,19,11443,6,849.27,5573.33
35854,366,20,11445,6,139.08,912.71
35866,366,20,11445,2,473.91,2470.26
35867,366,20,11445,2,814.9,4247.67
35870,366,20,11445,2,792.39,4130.33
35872,366,21,11454,6,231.67,1520.33
35874,366,21,11454,6,210.73,1382.92
35875,366,21,11454,2,228.87,1192.98
35886,366,21,11454,6,587.21,3853.57
35888,366,21,11454,2,274.51,1430.88
35889,366,21,11454,2,896.94,4675.30
35890,366,21,11454,6,960.27,6301.77
35891,366,21,11454,2,100.03,521.41
35893,366,22,11459,6,739.5,4852.97
35900,366,22,11459,2,519.67,2708.78
35904,366,22,11459,7,93.4,687.66
35905,366,22,11459,6,648.08,4253.03
35907,366,22,11459,7,95.29,701.57
35908,366,22,11459,6,553.52,3632.47
35909,366,22,11459,5,98.61,541.12
35910,366,22,11459,2,442.98,2309.03
35911,366,22,11459,6,865.8,5681.81
35912,366,22,11459,4,96.27,605.30
35914,366,23,11464,7,87.78,646.28
35917,366,23,11464,2,784.12,4087.23
35920,366,23,11464,7,86.24,634.94
35922,366,23,11464,6,334.5,2195.16
35923,366,23,11464,6,591.83,3883.88
35924,366,23,11464,2,837.59,4365.94
35929,366,23,11464,2,773.01,4029.31
35930,366,23,11464,6,822.88,5400.15
35931,366,23,11464,7,82.35,606.30
35933,366,24,11469,4,97.58,613.53
35934,366,24,11469,4,87.76,551.79
35943,366,24,11469,4,79.86,502.12
35944,366,24,11469,4,83.07,522.30
35945,366,24,11469,2,167.59,873.56
35948,366,25,11474,6,636.95,4179.98
35950,366,25,11474,6,134.76,884.36
35951,366,25,11474,6,509.1,3340.97
35952,366,25,11474,2,128.76,671.16
35953,366,25,11474,2,769.84,4012.79
35958,366,25,11474,6,167.5,1099.22
35963,366,25,11474,2,559.01,2913.84
35965,366,26,11478,6,757.46,4970.83
35966,366,26,11478,6,209.08,1372.09
35967,366,26,11478,7,80.69,594.08
35969,366,26,11478,4,92.07,578.89
35970,366,26,11478,5,98,537.77
35971,366,26,11478,6,254.85,1672.45
35975,366,26,11478,4,87.38,549.40
35978,366,26,11478,6,795.62,5221.26
35986,366,27,11481,5,95.68,525.04
35987,366,27,11481,2,500.61,2609.43
35988,366,27,11481,5,97.82,536.79
35992,366,27,11481,6,912.41,5987.69
35993,366,27,11481,7,83.41,614.11
35995,366,27,11481,6,127.55,837.05
35996,366,27,11481,6,573.38,3762.81
35997,366,27,11481,2,381.86,1990.45
35999,366,28,11489,6,805.98,5289.24
36001,366,28,11489,6,737.55,4840.17
36004,366,28,11489,7,69.46,511.40
36005,366,28,11489,2,232.92,1214.10
36006,366,28,11489,4,96.02,603.73
36008,366,28,11489,6,461.05,3025.64
36018,366,29,11494,2,759.84,3960.67
36020,366,29,11494,6,828.25,5435.39
36023,366,29,11494,5,91.83,503.92
36024,366,29,11494,6,498,3268.12
36026,366,29,11494,2,315.82,1646.21
36030,366,29,11494,6,178.78,1173.24
36032,366,29,11494,6,208.13,1365.85
36034,366,29,11494,2,690.93,3601.47
36040,366,30,11496,2,764.22,3983.50
36042,366,30,11496,2,903.29,4708.40
36043,366,30,11496,2,950.39,4953.91
36046,366,30,11496,2,602.88,3142.51
36047,366,30,11496,7,84.45,621.76
36048,366,30,11496,7,81.93,603.21
36051,366,30,11496,5,94.73,519.83
36054,366,31,11504,6,711.33,4668.10
36055,366,31,11504,6,636.63,4177.88
36061,366,31,11504,4,89.3,561.47
36063,366,31,11504,2,293.35,1529.09
36066,366,31,11504,4,98.57,619.76
36067,366,31,11504,6,636.69,4178.28
36071,366,32,11508,6,182.63,1198.51
36082,366,32,11508,2,806.45,4203.62
36083,366,32,11508,2,425.55,2218.18
36084,366,32,11508,2,882.31,4599.04
36088,366,32,11508,4,87.4,549.53
36089,366,33,11512,2,624.35,3254.42
36092,366,33,11512,5,92.79,509.19
36096,366,33,11512,2,166.07,865.64
36102,366,33,11512,5,96.34,528.67
36103,366,33,11512,7,90.74,668.07
36106,366,34,11518,2,125.55,654.43
36107,366,34,11518,5,95.02,521.42
36109,366,34,11518,6,821.65,5392.08
36115,366,34,11518,2,213.14,1110.99
36116,366,34,11518,6,146.23,959.63
36119,366,34,11518,6,471.91,3096.91
36121,366,34,11518,2,227.74,1187.09
36122,366,35,11522,6,450.37,2955.55
36123,366,35,11522,4,88.33,555.37
36127,366,35,11522,2,503.51,2624.55
36129,366,35,11522,2,120.73,629.31
36138,366,36,11527,2,581.78,3032.53
36139,366,36,11527,2,285.83,1489.89
36140,366,36,11527,6,243.34,1596.92
36142,366,36,11527,2,212.06,1105.36
36143,366,36,11527,6,442.32,2902.72
36144,366,36,11527,2,989.51,5157.82
36148,366,36,11527,6,267.58,1755.99
36151,366,36,11527,2,591.14,3081.32
36157,366,37,11533,7,88.92,654.67
36159,366,37,11533,7,79.78,587.38
36162,366,37,11533,6,106.37,698.05
36163,366,37,11533,7,88.97,655.04
36172,366,38,8124,2,109.17,569.05
36173,366,38,8124,6,676.34,4438.48
36176,366,38,8124,6,230.56,1513.05
36178,366,38,8124,7,69.85,514.27
36179,366,38,8124,2,961.41,5011.35
36181,366,38,8124,2,293.1,1527.78
36186,366,38,8124,6,903.62,5930.01
36189,366,39,11543,2,543.52,2833.10
36190,366,39,11543,7,71.5,526.42
36196,366,39,11543,7,90.09,663.29
36198,366,39,11543,2,871.57,4543.06
36202,366,39,11543,6,855.31,5612.97
36203,366,39,11543,2,215.6,1123.82
36204,366,39,11543,2,464.5,2421.21
36205,366,40,11547,2,787.65,4105.63
36206,366,40,11547,6,287.36,1885.80
36207,366,40,11547,6,801.39,5259.12
36209,366,40,11547,2,267.65,1395.13
36211,366,40,11547,2,504.66,2630.54
36215,366,40,11547,6,520.93,3418.60
36216,366,40,11547,2,297.49,1550.67
36218,366,40,11547,6,266.88,1751.40
36219,366,40,11547,4,94.95,597.00
36225,366,40,11547,7,71,522.74
36227,366,41,8135,4,87.87,552.48
36230,366,41,8135,2,379.92,1980.33
36234,366,41,8135,7,99.17,730.14
36238,366,41,8135,5,92.37,506.88
36239,366,41,8135,6,394.44,2588.51
36240,366,41,8135,6,216.66,1421.83
36241,366,41,8135,2,532.73,2776.86
36242,366,42,11558,2,936.01,4878.95
36243,366,42,11558,2,288.19,1502.19
36248,366,42,11558,6,188.96,1240.05
36249,366,42,11558,2,567.92,2960.28
36254,366,42,11558,6,947.37,6217.12
36255,366,42,11558,4,85.23,535.88
36257,366,42,11558,2,837.45,4365.21
36262,366,43,4734,4,89.91,565.31
36263,366,43,4734,2,836.29,4359.16
36266,366,43,4734,6,465.73,3056.35
36273,366,43,4734,5,97.18,533.28
36277,366,44,8154,6,945.62,6205.63
36281,366,44,8154,6,850.21,5579.50
36282,366,44,8154,7,95.5,703.12
36284,366,44,8154,6,756.74,4966.11
36288,366,44,8154,6,195.36,1282.05
36289,366,44,8154,7,99.73,734.26
36291,366,44,8154,6,998.33,6551.54
36292,366,44,8154,2,485.06,2528.38
36295,366,44,8154,7,84.71,623.68
36297,366,45,11572,5,98.29,539.37
36299,366,45,11572,4,85.91,540.16
36302,366,45,11572,2,983.75,5127.80
36308,366,45,11572,6,95.11,624.16
36309,366,45,11572,4,99.42,625.10
36311,366,46,11579,7,85.13,626.77
36313,366,46,11579,7,90.5,666.31
36315,366,46,11579,2,605.84,3157.94
36319,366,46,11579,2,749.45,3906.51
36325,366,46,11579,6,245.48,1610.96
36332,366,47,11583,2,455.1,2372.21
36335,366,47,11583,2,901.39,4698.50
36336,366,47,11583,7,71.79,528.55
36341,366,47,11583,7,82.36,606.38
36348,366,48,11589,2,216.9,1130.59
36356,366,48,11589,6,586.13,3846.48
36357,366,48,11589,4,79.62,500.61
36358,366,48,11589,2,305.46,1592.21
36359,366,48,11589,2,262.09,1366.14
36365,366,49,11591,2,576.39,3004.43
36367,366,49,11591,6,208.34,1367.23
36368,366,49,11591,6,374.61,2458.38
36378,366,49,11591,2,594.47,3098.67
36382,366,50,11597,2,894.95,4664.93
36383,366,50,11597,6,184.79,1212.68
36384,366,50,11597,5,96.43,529.16
36395,366,50,11597,4,81.61,513.12
36402,366,51,4772,6,913.76,5996.55
36409,366,51,4772,2,843.93,4398.99
36410,366,51,4772,6,117.89,773.65
36412,366,51,4772,2,482.83,2516.75
36413,366,51,4772,7,90.48,666.16
36418,366,52,3673,2,863.47,4500.84
36419,366,52,3673,6,397.01,2605.38
36421,366,52,3673,7,79.89,588.19
36422,366,52,3673,2,789.69,4116.26
36423,366,52,3673,2,876.63,4569.43
36427,366,52,3673,2,716.95,3737.10
36429,366,52,3673,2,363.64,1895.47
36435,366,52,3673,5,98.42,540.08
36438,366,53,11612,2,586.09,3054.99
36445,366,53,11612,6,407.36,2673.30
36449,366,53,11612,6,929.5,6099.84
36450,366,53,11612,7,84.06,618.89
36457,366,54,4789,2,953.06,4967.83
36462,366,54,4789,7,78.93,581.12
36463,366,54,4789,6,674.19,4424.37
36470,366,55,4794,6,605.15,3971.30
36471,366,55,4794,2,732.6,3818.68
36473,366,55,4794,2,693.49,3614.82
36475,366,55,4794,6,766.47,5029.96
36477,366,55,4794,6,836.33,5488.42
36478,366,55,4794,6,111.11,729.16
36480,366,55,4794,7,84.6,622.87
36481,366,55,4794,7,94.75,697.60
36483,366,55,4794,4,87.87,552.48
36484,366,55,4794,2,866.03,4514.18
36491,366,56,4797,6,983.83,6456.38
36503,366,56,4797,4,85.96,540.47
36504,366,56,4797,6,790.06,5184.77
36505,366,56,4797,2,960.59,5007.08
36506,366,56,4797,2,765.97,3992.62
36510,366,56,4797,6,799.75,5248.36
36512,366,57,11632,6,296.94,1948.67
36514,366,57,11632,6,937.82,6154.44
36517,366,57,11632,2,225.46,1175.21
36518,366,57,11632,2,628.89,3278.09
36519,366,57,11632,4,90.31,567.82
36521,366,57,11632,6,620.14,4069.67
36522,366,57,11632,6,254.99,1673.37
36524,366,57,11632,4,95.26,598.95
36525,366,57,11632,6,501.21,3289.19
36526,366,57,11632,6,93.99,616.81
36533,366,58,11639,7,78.55,578.32
36535,366,58,11639,4,89.89,565.18
36538,366,58,11639,2,175.19,913.18
36540,366,58,11639,2,543.77,2834.40
36543,366,58,11639,7,74.37,547.55
36544,366,58,11639,2,942.22,4911.32
36546,366,58,11639,2,480.87,2506.53
36547,366,58,11639,2,666.33,3473.25
36554,366,59,11641,2,507.15,2643.52
36562,366,59,11641,6,246.86,1620.02
36564,366,59,11641,7,90.42,665.72
36573,366,60,4816,2,479.99,2501.95
36574,366,60,4816,2,597.57,3114.83
36578,366,60,4816,2,612.77,3194.06
36581,366,60,4816,7,98.47,724.99
36582,366,60,4816,2,778.45,4057.67
36584,366,60,4816,6,295.31,1937.97
36586,366,60,4816,2,871.3,4541.65
36589,366,61,11652,2,323.76,1687.60
36590,366,61,11652,2,691.78,3605.90
36599,366,61,11652,2,734.28,3827.43
36600,366,61,11652,6,123.31,809.22
36603,366,61,11652,6,232.85,1528.08
36606,366,62,11657,2,222.65,1160.56
36610,366,62,11657,2,431.8,2250.76
36612,366,62,11657,2,520.05,2710.76
36615,366,62,11657,2,506.68,2641.07
36622,366,62,11657,2,353.45,1842.36
36625,366,62,11657,6,821.31,5389.85
36627,366,63,11664,7,80.59,593.34
36629,366,63,11664,2,287.97,1501.04
36636,366,63,11664,6,541.27,3552.08
36638,366,63,11664,2,140.61,732.93
36639,366,63,11664,5,97.98,537.67
36641,366,64,11667,2,359.36,1873.16
36643,366,64,11667,6,428.54,2812.29
36644,366,64,11667,4,93.66,588.89
36646,366,64,11667,5,95.7,525.15
36649,366,64,11667,4,84.32,530.16
36650,366,64,11667,6,86.81,569.69
36654,366,64,11667,2,196.14,1022.38
36655,366,64,11667,4,97.34,612.03
36656,366,64,11667,6,235.07,1542.65
36657,366,64,11667,6,913.8,5996.81
36660,366,65,11673,2,458.78,2391.39
36661,366,65,11673,2,865.09,4509.28
36662,366,65,11673,6,587.75,3857.11
36663,366,65,11673,4,82.78,520.48
36668,366,65,11673,6,627.65,4118.95
36669,366,65,11673,6,832.23,5461.51
36670,366,65,11673,4,94.28,592.79
36671,366,65,11673,6,331.75,2177.11
36676,366,65,11673,7,73.47,540.92
36677,366,65,11673,2,690.02,3596.73
36678,366,65,11673,4,90.6,569.65
36682,366,66,8263,6,830,5446.88
36683,366,66,8263,6,391.26,2567.64
36684,366,66,8263,5,96.08,527.24
36685,366,66,8263,7,97.03,714.38
36686,366,66,8263,6,660.44,4334.14
36687,366,66,8263,6,298.87,1961.33
36689,366,66,8263,4,93.98,590.90
36693,366,66,8263,2,336.32,1753.07
36695,366,66,8263,6,677.24,4444.39
36699,366,66,8263,6,95.46,626.46
36700,366,66,8263,6,749.07,4915.77
36702,366,67,8266,2,809.91,4221.66
36707,366,67,8266,4,87.24,548.52
36710,366,67,8266,6,972.77,6383.80
36711,366,67,8266,7,99.1,729.62
36717,366,67,8266,2,542.52,2827.89
36719,366,67,8266,6,621.78,4080.43
36722,366,68,11689,2,542.71,2828.88
36724,366,68,11689,2,590.24,3076.63
36725,366,68,11689,6,587.29,3854.09
36726,366,68,11689,2,261.46,1362.86
36729,366,68,11689,6,255.75,1678.36
36730,366,68,11689,6,799.69,5247.97
36731,366,68,11689,4,83.64,525.89
36733,366,68,11689,4,82.15,516.52
36734,366,68,11689,6,495.9,3254.34
36739,366,68,11689,5,94.42,518.13
36742,366,69,11694,2,903.08,4707.30
36746,366,69,11694,6,636.11,4174.47
36747,366,69,11694,4,91.03,572.35
36753,366,69,11694,7,70.7,520.53
36762,366,70,11699,2,115.18,600.38
36763,366,70,11699,7,79.96,588.71
36765,366,70,11699,6,293.54,1926.36
36773,366,70,11699,6,283.65,1861.45
36774,366,70,11699,4,88.12,554.05
36775,366,70,11699,5,98.21,538.93
36776,366,70,11699,5,95.22,522.52
36777,366,71,8286,6,311.22,2042.38
36778,366,71,8286,2,359.76,1875.25
36785,366,71,8286,6,85.34,560.04
36786,366,71,8286,6,206.12,1352.66
36793,366,72,11708,6,300.85,1974.33
36796,366,72,11708,6,347.46,2280.21
36809,366,72,11708,6,356.67,2340.65
36810,366,72,11708,6,191.79,1258.62
36815,366,73,4884,7,81.04,596.66
36820,366,73,4884,2,699.17,3644.42
36823,366,73,4884,2,532.99,2778.21
36828,366,74,11719,4,80.71,507.46
36833,366,74,11719,2,278.79,1453.19
36835,366,74,11719,4,84.68,532.43
36836,366,74,11719,6,918.94,6030.54
36838,366,74,11719,6,884.72,5805.98
36845,366,74,11719,2,515.21,2685.53
36846,366,74,11719,2,821.25,4280.77
36848,366,75,11724,4,89.56,563.11
36851,366,75,11724,2,139.46,726.94
36856,366,75,11724,2,187.14,975.47
36857,366,75,11724,6,797.3,5232.28
36860,366,75,11724,6,956.47,6276.83
36861,366,75,11724,6,219.61,1441.19
36864,366,75,11724,6,460.35,3021.05
36865,366,75,11724,7,76.56,563.67
36867,366,76,11727,2,453.52,2363.97
36871,366,76,11727,6,494.13,3242.73
36872,366,76,11727,2,710.85,3705.31
36873,366,76,11727,6,434.04,2848.39
36875,366,76,11727,6,101.46,665.83
36877,366,76,11727,6,126.66,831.21
36879,366,76,11727,6,953.5,6257.34
36884,366,77,381,7,93.03,684.93
36886,366,77,381,6,843.62,5536.26
36892,366,77,381,7,73.19,538.86
36893,366,77,381,2,409.68,2135.46
36901,366,78,11736,2,148.23,772.65
36902,366,78,11736,2,454.48,2368.98
36905,366,78,11736,6,126.99,833.37
36907,366,78,11736,2,873.27,4551.92
36908,366,78,11736,2,758.01,3951.13
36910,366,78,11736,2,918.24,4786.33
36913,366,78,11736,5,92.44,507.26
36914,366,78,11736,2,190.93,995.22
36915,366,78,11736,2,933.33,4864.98
36923,366,79,11744,2,588.11,3065.52
36927,366,79,11744,6,477.83,3135.76
36930,366,79,11744,4,92.4,580.97
36932,366,79,11744,2,592.1,3086.32
36942,366,80,3814,5,92.34,506.72
36947,366,80,3814,7,70.45,518.69
36950,366,80,3814,4,84.12,528.90
36952,366,81,8339,2,470.6,2453.00
36953,366,81,8339,2,252.76,1317.51
36954,366,81,8339,6,775.83,5091.38
36955,366,81,8339,2,299.4,1560.62
36956,366,81,8339,6,996.11,6536.97
36963,366,81,8339,6,429.94,2821.48
36965,366,81,8339,4,93.73,589.33
36966,366,81,8339,7,93.13,685.67
36967,366,81,8339,4,97.79,614.85
36969,366,81,8339,2,755.86,3939.92
36973,366,82,11759,2,214.53,1118.24
36976,366,82,11759,6,716.86,4704.39
36979,366,82,11759,2,862.14,4493.90
36984,366,82,11759,5,94.25,517.20
36991,366,82,11759,7,88.06,648.34
36995,366,83,8347,7,83.62,615.65
36996,366,83,8347,5,96.66,530.42
36997,366,83,8347,2,198.65,1035.46
37001,366,83,8347,2,639.01,3330.84
37002,366,83,8347,6,338.49,2221.34
37003,366,83,8347,2,969.79,5055.03
37004,366,83,8347,6,479.78,3148.56
37006,366,83,8347,6,876.69,5753.28
37008,366,83,8347,4,98.43,618.88
37012,366,83,8347,4,84.28,529.91
37013,366,84,11768,2,567.41,2957.62
37019,366,84,11768,6,802.57,5266.87
37025,366,84,11768,5,97.68,536.02
37027,366,84,11768,6,803.47,5272.77
37039,366,85,11774,4,84.52,531.42
37042,366,85,11774,7,95.19,700.84
37043,366,85,11774,7,86.07,633.69
37044,366,85,11774,2,987.16,5145.57
37047,366,86,11776,6,271.14,1779.36
37054,366,86,11776,2,667.63,3480.02
37055,366,86,11776,7,78.13,575.23
37060,366,86,11776,6,686.87,4507.58
37062,366,87,8367,7,97.05,714.53
37064,366,87,8367,7,96.45,710.11
37065,366,87,8367,2,270.37,1409.30
37066,366,87,8367,6,167.71,1100.60
37067,366,87,8367,6,94.45,619.83
37068,366,87,8367,6,760.94,4993.67
37070,366,87,8367,6,465.63,3055.70
37071,366,87,8367,7,96.02,706.95
37072,366,87,8367,6,765.66,5024.64
37073,366,87,8367,2,942.24,4911.43
37077,366,87,8367,6,396.15,2599.73
37078,366,87,8367,2,834.35,4349.05
37081,366,87,8367,4,94.12,591.78
37083,366,88,11788,2,258.17,1345.71
37084,366,88,11788,4,86.64,544.75
37086,366,88,11788,2,826.79,4309.64
37094,366,88,11788,2,100.29,522.76
37095,366,88,11788,2,298.94,1558.22
37099,366,88,11788,2,321.58,1676.24
37100,366,89,8375,2,107.92,562.53
37101,366,89,8375,6,754.25,4949.77
37103,366,89,8375,4,81.96,515.32
37113,366,89,8375,6,384.55,2523.61
37115,366,90,11796,6,697.27,4575.83
37124,366,90,11796,2,570.37,2973.05
37125,366,90,11796,2,329.03,1715.07
37126,366,90,11796,2,246.62,1285.51
37129,366,90,11796,2,223.95,1167.34
37130,366,91,11804,2,164.09,855.32
37131,366,91,11804,6,143.86,944.08
37134,366,91,11804,2,212.02,1105.15
37138,366,91,11804,2,961.5,5011.82
37140,366,91,11804,2,575.34,2998.96
37143,366,91,11804,5,92.62,508.25
37144,366,91,11804,7,78.1,575.01
37146,366,91,11804,6,625.01,4101.63
37148,366,92,11808,6,533.05,3498.14
37153,366,92,11808,7,95.37,702.16
37156,366,92,11808,7,86.2,634.65
37159,366,92,11808,2,257.97,1344.67
37162,366,92,11808,2,527.35,2748.81
37165,366,93,11811,6,372.83,2446.70
37167,366,93,11811,6,193.25,1268.20
37168,366,93,11811,2,437.91,2282.61
37171,366,93,11811,2,518.06,2700.39
37174,366,93,11811,4,82.01,515.64
37178,366,93,11811,7,89.52,659.09
37180,366,93,11811,6,301.05,1975.64
37182,366,93,11811,2,766.43,3995.02
37183,366,94,11816,7,71.7,527.89
37184,366,94,11816,7,90.61,667.12
37185,366,94,11816,6,843.82,5537.57
37188,366,94,11816,4,80.33,505.07
37190,366,94,11816,6,146.31,960.16
37195,366,94,11816,5,95.12,521.97
37196,366,94,11816,2,109.45,570.51
37197,366,94,11816,6,328.29,2154.40
37199,366,94,11816,2,112.44,586.09
37202,366,94,11816,6,410.45,2693.58
37206,366,95,11823,2,781.57,4073.93
37207,366,95,11823,2,561.7,2927.86
37223,366,96,11827,2,876.68,4569.69
37225,366,96,11827,7,87.18,641.86
37231,366,96,11827,7,79.97,588.78
37232,366,96,11827,2,257.58,1342.64
37235,366,96,11827,2,104.06,542.41
37236,366,96,11827,6,328.39,2155.06
37241,366,97,11834,2,216.89,1130.54
37242,366,97,11834,2,327.67,1707.98
37245,366,97,11834,2,888.41,4630.84
37247,366,97,11834,2,871.72,4543.84
37248,366,97,11834,7,75.5,555.87
37260,366,98,11839,7,85.08,626.40
37264,366,98,11839,6,947.4,6217.31
37265,366,98,11839,2,265.5,1383.92
37267,366,98,11839,6,401.75,2636.48
37268,366,98,11839,4,95.28,599.07
37270,366,98,11839,6,684.49,4491.97
37274,366,98,11839,6,704.66,4624.33
37276,366,98,11839,4,94.23,592.47
37280,366,99,11841,2,702.31,3660.79
37281,366,99,11841,2,817.65,4262.00
37284,366,99,11841,7,72.57,534.30
37289,366,99,11841,4,81.42,511.93
37290,366,99,11841,6,961.34,6308.79
37291,366,99,11841,4,91.17,573.23
37297,366,100,11848,6,591.12,3879.22
37302,366,100,11848,2,367.87,1917.52
37303,366,100,11848,2,902.92,4706.47
37304,366,100,11848,6,703.43,4616.26
37305,366,100,11848,6,162.76,1068.11
37307,366,100,11848,6,759.98,4987.37
37310,366,100,11848,2,887.33,4625.21
37311,366,100,11848,6,135.72,890.66
37312,366,100,11848,2,657.62,3427.84
37313,366,100,11848,2,868.31,4526.07
37323,366,101,11853,2,989.07,5155.53
37330,366,101,11853,6,420.53,2759.73
37331,366,101,11853,2,828.18,4316.89
37333,366,101,11853,6,620.5,4072.03
37334,366,101,11853,6,135.53,889.42
37339,366,102,11859,6,632.07,4147.96
37346,366,102,11859,5,97.05,532.56
37347,366,102,11859,6,403.66,2649.02
37348,366,102,11859,2,653.42,3405.95
37350,366,102,11859,6,719.61,4722.44
37351,366,103,8445,6,791.98,5197.37
37352,366,103,8445,6,604.8,3969.00
37357,366,103,8445,2,472.75,2464.21
37359,366,103,8445,6,191.47,1256.52
37360,366,103,8445,6,277.36,1820.18
37361,366,103,8445,6,465.52,3054.97
37363,366,103,8445,2,178.38,929.81
37365,366,103,8445,2,809.2,4217.96
37370,366,103,8445,2,967.7,5044.14
37379,366,104,11865,6,694.85,4559.95
37380,366,104,11865,2,505.72,2636.07
37392,366,105,8457,6,274.87,1803.83
37394,366,105,8457,6,252.39,1656.31
37395,366,105,8457,7,87.54,644.51
37396,366,105,8457,6,103.75,680.86
37400,366,105,8457,6,672.93,4416.10
37402,366,105,8457,6,381.99,2506.81
37408,366,105,8457,2,841.68,4387.26
37412,366,106,11876,5,98.04,537.99
37414,366,106,11876,2,884.22,4609.00
37416,366,106,11876,6,933.85,6128.39
37418,366,106,11876,6,910.13,5972.73
37419,366,106,11876,6,137.47,902.15
37420,366,106,11876,7,98.31,723.81
37421,366,106,11876,6,283.21,1858.57
37425,366,106,11876,2,765.96,3992.57
37429,366,107,11880,7,98.93,728.37
37433,366,107,11880,7,73.06,537.90
37434,366,107,11880,2,598.32,3118.74
37435,366,107,11880,6,758.46,4977.39
37440,366,107,11880,6,694.66,4558.71
37444,366,107,11880,7,80.15,590.10
37445,366,107,11880,2,916.14,4775.38
37448,366,108,11888,2,279.73,1458.09
37451,366,108,11888,2,274.39,1430.26
37454,366,108,11888,7,78.04,574.57
37456,366,108,11888,2,350.1,1824.90
37457,366,108,11888,6,608.89,3995.84
37460,366,108,11888,2,877.34,4573.13
37468,366,109,11890,7,90.88,669.10
37469,366,109,11890,6,279.91,1836.91
37471,366,109,11890,2,466.9,2433.72
37473,366,109,11890,6,720.13,4725.85
37477,366,109,11890,6,137.83,904.51
37478,366,109,11890,2,411.02,2142.44
37479,366,109,11890,4,99.42,625.10
37492,366,110,11898,7,88.28,649.96
37501,366,110,11898,4,92.21,579.77
37513,366,111,11902,7,77.81,572.88
37517,366,111,11902,6,610.1,4003.78
37518,366,111,11902,2,122.22,637.07
37519,366,111,11902,2,690.86,3601.11
37522,366,112,8491,2,319.7,1666.44
37523,366,112,8491,2,484.92,2527.65
37526,366,112,8491,2,507.43,2644.98
37531,366,112,8491,7,78.91,580.97
37533,366,112,8491,6,317.85,2085.89
37537,366,112,8491,6,691.02,4534.82
37540,366,112,8491,7,91.01,670.06
37541,366,112,8491,7,82.15,604.83
37542,366,112,8491,6,545.3,3578.53
37548,366,113,11912,2,501.37,2613.39
37551,366,113,11912,2,817.93,4263.46
37553,366,113,11912,6,776.14,5093.42
37558,366,113,11912,6,805.11,5283.53
37559,366,113,11912,6,737.52,4839.97
37560,366,114,11919,2,782.33,4077.90
37566,366,114,11919,2,250.93,1307.97
37568,366,114,11919,6,997.03,6543.01
37569,366,114,11919,6,273.37,1793.99
37572,366,114,11919,4,86.33,542.80
37579,366,115,11923,2,891.42,4646.53
37583,366,115,11923,2,718.52,3745.29
37584,366,115,11923,6,968.27,6354.27
37586,366,115,11923,4,89.18,560.72
37593,366,116,11928,2,775.51,4042.35
37596,366,116,11928,2,441.47,2301.16
37597,366,116,11928,6,242.11,1588.85
37598,366,116,11928,4,94.95,597.00
37603,366,116,11928,2,535.07,2789.05
37604,366,116,11928,2,950.24,4953.13
37605,366,116,11928,7,85.42,628.90
37610,366,117,8519,7,94.53,695.98
37611,366,117,8519,6,628.6,4125.19
37614,366,117,8519,6,280.15,1838.48
37616,366,117,8519,2,120.83,629.83
37623,366,117,8519,6,750.44,4924.76
37630,366,118,11938,4,87.97,553.11
37632,366,118,11938,6,394.64,2589.82
37634,366,118,11938,6,226.55,1486.73
37637,366,118,11938,6,113.57,745.30
37639,366,118,11938,2,929.69,4846.01
37640,366,118,11938,7,81.66,601.22
37641,366,118,11938,2,588.56,3067.87
37644,366,118,11938,2,684.92,3570.15
37647,366,119,11942,4,89.51,562.79
37648,366,119,11942,2,498.47,2598.27
37649,366,119,11942,6,721.9,4737.47
37650,366,119,11942,6,469.44,3080.70
37655,366,119,11942,2,929.88,4847.00
37660,366,119,11942,2,959.19,4999.78
37662,366,119,11942,4,94.78,595.93
37665,366,120,11945,5,99.07,543.65
37668,366,120,11945,2,789.78,4116.73
37677,366,120,11945,2,437.12,2278.49
37682,366,120,11945,6,699.26,4588.89
37683,366,120,11945,7,77.07,567.43
37685,366,121,8539,4,80.11,503.69
37686,366,121,8539,7,79.08,582.23
37699,366,121,8539,7,80.57,593.20
37700,366,121,8539,2,781.87,4075.50
37709,366,122,11957,6,715.26,4693.89
37710,366,122,11957,6,652.6,4282.69
37713,366,122,11957,7,96.05,707.17
37717,366,122,11957,6,525.55,3448.92
37719,366,122,11957,6,220.19,1445.00
37721,366,122,11957,6,993.05,6516.89
37723,366,123,11964,4,87.6,550.78
37727,366,123,11964,6,784.14,5145.92
37730,366,123,11964,6,610.13,4003.98
37731,366,123,11964,6,530.29,3480.03
37735,366,123,11964,2,237.39,1237.40
37740,366,124,11966,6,526.88,3457.65
37741,366,124,11966,2,577.7,3011.26
37742,366,124,11966,6,773.34,5075.04
37743,366,124,11966,2,633.7,3303.16
37747,366,124,11966,2,505.21,2633.41
37754,366,124,11966,7,78.99,581.56
37755,366,124,11966,6,593.44,3894.45
37756,366,124,11966,6,986.58,6474.43
37757,366,124,11966,6,381.09,2500.90
37758,366,124,11966,2,919.12,4790.91
37759,366,125,11972,2,724.4,3775.93
37766,366,125,11972,6,890.57,5844.37
37769,366,125,11972,4,93.87,590.21
37770,366,125,11972,6,271.73,1783.23
37771,366,125,11972,2,862.25,4494.48
37772,366,125,11972,4,81.85,514.63
37774,366,125,11972,7,82.55,607.77
37778,366,126,11979,4,96.4,606.12
37780,366,126,11979,4,93.4,587.25
37782,366,126,11979,6,614.66,4033.71
37783,366,126,11979,6,437.28,2869.65
37785,366,126,11979,7,75.06,552.63
37787,366,126,11979,6,107.38,704.68
37788,366,126,11979,2,146.19,762.02
37793,366,126,11979,6,790.26,5186.08
37798,366,127,8569,2,645.14,3362.79
37799,366,127,8569,6,334.4,2194.50
37802,366,127,8569,2,848.19,4421.19
37804,366,127,8569,6,835.59,5483.56
37806,366,127,8569,2,687.28,3582.45
37807,366,127,8569,6,930.89,6108.97
37811,366,128,11989,2,806.52,4203.99
37816,366,128,11989,2,686,3575.78
37818,366,128,11989,2,743.82,3877.16
37820,366,128,11989,6,411.5,2700.47
37822,366,128,11989,6,447.9,2939.34
37825,366,128,11989,6,724.73,4756.04
37829,366,128,11989,2,916.41,4776.79
37838,366,129,11994,4,79.7,501.11
37839,366,129,11994,6,675.67,4434.08
37841,366,129,11994,6,329.87,2164.77
37845,366,129,11994,7,85.5,629.49
37846,366,129,11994,6,78.2,513.19
37849,366,130,11998,6,956.94,6279.92
37852,366,130,11998,2,575.26,2998.54
37858,366,130,11998,4,97.96,615.92
37860,366,130,11998,6,416.45,2732.95
37863,366,130,11998,2,363.8,1896.31
37866,366,131,12004,6,707.61,4643.69
37869,366,131,12004,6,300.89,1974.59
37871,366,131,12004,4,92.16,579.46
37873,366,131,12004,2,262.11,1366.25
37875,366,131,12004,6,333.63,2189.45
37878,366,131,12004,2,647.79,3376.61
37880,366,131,12004,6,876.76,5753.74
37889,366,132,12009,6,986.2,6471.94
37891,366,132,12009,2,768.62,4006.43
37893,366,132,12009,6,273.03,1791.76
37897,366,133,12013,2,200.71,1046.20
37899,366,133,12013,2,446.98,2329.88
37903,366,133,12013,2,498.03,2595.98
37909,366,133,12013,6,986.33,6472.79
37911,366,133,12013,2,494.35,2576.80
37914,366,133,12013,6,828.12,5434.54
37915,366,133,12013,7,88.5,651.58
37918,366,134,12018,2,97.24,506.86
37923,366,134,12018,6,932.01,6116.32
37924,366,134,12018,7,94.9,698.70
37925,366,134,12018,7,88.69,652.98
37927,366,134,12018,6,81.52,534.98
37928,366,134,12018,6,821.88,5393.59
37929,366,134,12018,6,360.71,2367.16
37932,366,134,12018,7,70.77,521.04
37945,366,135,5190,2,828.78,4320.02
37946,366,135,5190,6,106.36,697.99
37947,366,135,5190,7,72.88,536.58
37948,366,135,5190,6,489.33,3211.23
37949,366,135,5190,7,76.4,562.50
37950,366,135,5190,6,971.49,6375.40
37951,366,135,5190,6,925.86,6075.96
37962,366,136,12029,4,79.64,500.74
37963,366,136,12029,7,88.75,653.42
37964,366,136,12029,7,88.97,655.04
37965,366,136,12029,2,303.17,1580.27
37967,366,137,12032,6,455.51,2989.28
37968,366,137,12032,4,94.4,593.54
37969,366,137,12032,2,910.56,4746.29
37973,366,137,12032,6,251,1647.19
37974,366,137,12032,2,639.14,3331.52
37976,366,137,12032,6,699.15,4588.17
37977,366,137,12032,6,201.26,1320.77
37981,366,137,12032,6,150.96,990.68
37984,366,137,12032,2,637.17,3321.25
37985,366,138,12037,7,76.15,560.65
37990,366,138,12037,2,822.14,4285.40
37995,366,138,12037,2,835.27,4353.84
37996,366,138,12037,6,741.23,4864.32
37999,366,138,12037,6,557.82,3660.69
38000,366,138,12037,6,290.32,1905.22
38001,366,138,12037,6,774.92,5085.41
38004,366,139,12041,2,174.32,908.64
38005,366,139,12041,6,839.86,5511.58
38008,366,139,12041,6,577.58,3790.37
38009,366,139,12041,6,448.07,2940.46
38010,366,139,12041,7,78.77,579.94
38011,366,139,12041,6,660.34,4333.48
38014,366,139,12041,6,584.26,3834.21
38017,366,139,12041,6,952.08,6248.03
38019,366,139,12041,2,546.8,2850.20
38020,366,139,12041,4,88.92,559.08
38021,366,139,12041,4,91.08,572.67
38023,366,139,12041,2,846.82,4414.05
38027,366,140,8632,7,93.7,689.87
38030,366,140,8632,7,82.39,606.60
38033,366,140,8632,2,421.1,2194.98
38035,366,140,8632,7,80.37,591.72
38036,366,140,8632,2,178.48,930.33
38039,366,140,8632,2,169.17,881.80
38040,366,140,8632,2,755.03,3935.59
38041,366,140,8632,6,480.97,3156.37
38042,366,141,12051,6,678.43,4452.20
38043,366,141,12051,6,103.35,678.23
38044,366,141,12051,6,607.51,3986.78
38045,366,141,12051,6,755.2,4956.00
38047,366,141,12051,6,790.09,5184.97
38049,366,141,12051,7,88.06,648.34
38052,366,141,12051,6,293.86,1928.46
38053,366,141,12051,6,684.19,4490.00
38058,366,141,12051,7,93.44,687.95
38059,366,141,12051,6,298.19,1956.87
38060,366,141,12051,6,245.83,1613.26
38061,366,142,12057,2,773.87,4033.80
38063,366,142,12057,2,261.43,1362.70
38065,366,142,12057,2,216.18,1126.84
38066,366,142,12057,6,804.84,5281.76
38069,366,142,12057,6,984.16,6458.55
38072,366,142,12057,2,871.13,4540.77
38076,366,142,12057,4,94.48,594.04
38078,366,142,12057,2,742.35,3869.50
38082,366,143,12063,2,155.36,809.81
38083,366,143,12063,6,193.01,1266.63
38084,366,143,12063,2,326.07,1699.64
38086,366,143,12063,5,98.81,542.22
38089,366,143,12063,6,463.51,3041.78
38093,366,143,12063,7,78.1,575.01
38096,366,143,12063,2,840.42,4380.69
38098,366,143,12063,6,819.23,5376.20
38101,366,144,12066,2,753.01,3925.06
38102,366,144,12066,4,84.51,531.36
38105,366,144,12066,2,478.92,2496.37
38107,366,144,12066,6,619.02,4062.32
38113,366,144,12066,2,321.19,1674.20
38114,366,144,12066,2,161.1,839.73
38116,366,144,12066,2,774.38,4036.46
38119,366,144,12066,2,703.84,3668.77
38123,366,145,12074,2,907.23,4728.94
38127,366,145,12074,2,838.53,4370.84
38134,366,145,12074,6,273.9,1797.47
38140,366,146,5249,2,367.61,1916.17
38144,366,146,5249,6,333.96,2191.61
38146,366,146,5249,6,179.5,1177.97
38153,366,147,12084,2,983.85,5128.32
38156,366,147,12084,7,68.49,504.26
38161,366,147,12084,2,634.26,3306.08
38162,366,147,12084,6,614.17,4030.49
38164,366,147,12084,2,583.2,3039.93
38166,366,147,12084,2,396.04,2064.36
38177,366,148,12086,6,840.6,5516.44
38181,366,148,12086,7,72.63,534.74
38183,366,148,12086,2,307.14,1600.97
38188,366,148,12086,7,99.63,733.53
38195,366,149,12091,2,582.69,3037.27
38197,366,149,12091,2,887.19,4624.48
38198,366,149,12091,6,825.87,5419.77
38200,366,149,12091,6,825.38,5416.56
38203,366,149,12091,2,128.33,668.92
38204,366,149,12091,2,765.22,3988.71
38205,366,149,12091,6,789.25,5179.45
38208,366,150,8681,2,537.4,2801.20
38210,366,150,8681,2,440.78,2297.57
38211,366,150,8681,7,79.43,584.80
38218,366,150,8681,2,150.59,784.95
38221,366,150,8681,2,106.11,553.10
38224,366,150,8681,2,168.68,879.24
38225,366,150,8681,2,201.66,1051.15
38227,366,151,12102,6,552.09,3623.09
38228,366,151,12102,7,79.23,583.33
38230,366,151,12102,2,542.42,2827.36
38236,366,151,12102,6,925.57,6074.05
38238,366,151,12102,2,964.95,5029.80
38239,366,151,12102,2,548.56,2859.37
38247,366,152,12106,4,92.13,579.27
38249,366,152,12106,5,95.28,522.85
38250,366,152,12106,2,761.74,3970.57
38253,366,152,12106,2,591.32,3082.26
38257,366,152,12106,4,89.07,560.03
38271,366,153,12112,2,347.28,1810.20
38276,366,153,12112,6,811.91,5328.16
38282,366,153,12112,6,809.92,5315.10
38286,366,154,12119,6,334.89,2197.72
38289,366,154,12119,2,961.54,5012.03
38294,366,154,12119,2,830.62,4329.61
38295,366,154,12119,6,211.46,1387.71
38297,366,154,12119,6,515.98,3386.12
38298,366,154,12119,7,80.74,594.45
38300,366,154,12119,4,79.98,502.87
38305,366,155,12120,6,492.27,3230.52
38306,366,155,12120,2,355.46,1852.84
38307,366,155,12120,6,319.03,2093.63
38308,366,155,12120,6,384.97,2526.37
38309,366,155,12120,6,955.87,6272.90
38311,366,155,12120,4,94.02,591.15
38313,366,155,12120,2,281.97,1469.77
38316,366,155,12120,2,793.12,4134.14
38317,366,155,12120,6,790.95,5190.61
38318,366,155,12120,7,68.2,502.12
38320,366,155,12120,6,348.11,2284.47
38324,366,156,12128,6,931.43,6112.51
38327,366,156,12128,5,99.24,544.58
38328,366,156,12128,4,80.12,503.75
38329,366,156,12128,7,80.29,591.14
38331,366,156,12128,2,935.22,4874.83
38337,366,157,12130,6,671.95,4409.67
38339,366,157,12130,2,881.73,4596.02
38340,366,157,12130,2,935.52,4876.40
38345,366,157,12130,6,259.64,1703.89
38350,366,157,12130,2,615.3,3207.25
38351,366,157,12130,6,420.74,2761.11
38352,366,157,12130,6,158.73,1041.67
38353,366,157,12130,4,90.01,565.94
38356,366,157,12130,6,380.72,2498.48
38358,366,158,12137,6,707.65,4643.95
38360,366,158,12137,6,614.12,4030.16
38367,366,158,12137,2,618.51,3223.98
38369,366,158,12137,4,86.79,545.69
38373,366,158,12137,7,77.24,568.68
38374,366,158,12137,2,437.65,2281.25
38382,366,159,12142,2,326.64,1702.61
38383,366,159,12142,2,584.45,3046.45
38385,366,159,12142,2,309.99,1615.82
38390,366,159,12142,6,340.04,2231.51
38391,366,159,12142,2,215.21,1121.78
38392,366,159,12142,6,580.53,3809.73
38393,366,159,12142,2,342.95,1787.63
38396,366,159,12142,6,507.32,3329.29
38397,366,159,12142,6,720.12,4725.79
38400,366,160,12147,2,571.34,2978.11
38402,366,160,12147,6,519.32,3408.04
38403,366,160,12147,6,855.83,5616.38
38407,366,160,12147,2,345.9,1803.00
38410,366,160,12147,7,83.99,618.38
38415,366,160,12147,2,534.99,2788.64
38416,366,160,12147,6,927.59,6087.31
38418,366,160,12147,6,873.97,5735.43
38420,366,161,12154,2,995.32,5188.11
38423,366,161,12154,2,627.05,3268.50
38424,366,161,12154,6,498.03,3268.32
38425,366,161,12154,2,100.39,523.28
38427,366,161,12154,4,89.49,562.67
38432,366,161,12154,4,97.08,610.39
38433,366,161,12154,4,93.95,590.71
38434,366,161,12154,2,419.61,2187.22
38435,366,161,12154,6,909.43,5968.13
38438,366,162,12159,6,898.03,5893.32
38439,366,162,12159,2,293.11,1527.84
38441,366,162,12159,7,98.2,723.00
38451,366,162,12159,6,810.41,5318.32
38453,366,162,12159,2,970.48,5058.63
38456,366,163,12163,7,71.42,525.83
38457,366,163,12163,6,847.95,5564.67
38460,366,163,12163,4,97.52,613.16
38464,366,163,12163,6,408.03,2677.70
38466,366,163,12163,6,312.98,2053.93
38467,366,163,12163,2,347.16,1809.57
38468,366,163,12163,5,92.12,505.51
38473,366,163,12163,5,97.77,536.51
38474,366,163,12163,6,77.84,510.83
38475,366,163,12163,2,375.76,1958.65
38476,366,164,12167,2,786.82,4101.30
38479,366,164,12167,7,88.36,650.55
38481,366,164,12167,2,808.5,4214.31
38485,366,164,12167,7,74,544.82
38488,366,164,12167,6,91.64,601.39
38491,366,164,12167,4,92.65,582.54
38493,366,164,12167,6,503.46,3303.96
38494,366,164,12167,2,327.32,1706.16
38495,366,164,12167,2,897.55,4678.48
38497,366,165,12174,2,772.3,4025.61
38498,366,165,12174,6,966.9,6345.28
38501,366,165,12174,2,520.49,2713.05
38503,366,165,12174,7,96.01,706.87
38506,366,165,12174,2,817.09,4259.08
38507,366,165,12174,2,914.81,4768.45
38508,366,165,12174,2,229.72,1197.42
38510,366,165,12174,6,949.72,6232.54
38512,366,165,12174,4,96.54,607.00
38513,366,165,12174,2,794.1,4139.25
38517,366,165,12174,4,88.15,554.24
38527,366,166,12178,7,87.45,643.85
38532,366,166,12178,6,789.26,5179.52
38533,366,166,12178,6,351.86,2309.08
38534,366,167,12184,6,461.49,3028.53
38536,366,167,12184,2,824.96,4300.10
38539,366,167,12184,7,99.09,729.55
38544,366,167,12184,6,367.53,2411.92
38548,366,167,12184,6,253.55,1663.92
38551,366,168,12189,6,770.55,5056.73
38552,366,168,12189,6,655.05,4298.77
38554,366,168,12189,7,91.04,670.28
38555,366,168,12189,6,902.01,5919.44
38556,366,168,12189,2,742.5,3870.28
38560,366,168,12189,6,110.17,722.99
38561,366,168,12189,7,68.58,504.92
38562,366,168,12189,6,534.98,3510.81
38567,366,169,12192,6,954.53,6264.10
38568,366,169,12192,2,928.98,4842.31
38571,366,169,12192,2,444.56,2317.27
38572,366,169,12192,6,509.22,3341.76
38573,366,169,12192,2,203.68,1061.68
38574,366,169,12192,6,430.65,2826.14
38576,366,169,12192,6,411.33,2699.35
38582,366,169,12192,2,276.22,1439.80
38586,366,170,8781,6,127.18,834.62
38588,366,170,8781,2,232.52,1212.01
38590,366,170,8781,7,77.36,569.56
38592,366,170,8781,2,906.13,4723.20
38594,366,170,8781,7,94.25,693.92
38600,366,170,8781,7,73.11,538.27
38604,366,170,8781,6,82.11,538.85
38610,366,171,12204,2,430.06,2241.69
38615,366,171,12204,7,75.1,552.92
38620,366,171,12204,4,80.07,503.44
38621,366,171,12204,2,644.87,3361.38
38622,366,172,12207,5,96.57,529.93
38629,366,172,12207,6,425,2789.06
38632,366,172,12207,7,80.65,593.79
38637,366,173,12213,7,94.57,696.27
38638,366,173,12213,6,549.73,3607.60
38641,366,173,12213,6,591.51,3881.78
38642,366,173,12213,4,90.79,570.84
38643,366,173,12213,2,681.85,3554.14
38644,366,173,12213,6,951.45,6243.89
38647,366,173,12213,2,942.59,4913.25
38648,366,173,12213,4,82.85,520.92
38649,366,173,12213,7,90.54,666.60
38650,366,173,12213,2,765.79,3991.68
38653,366,174,12219,6,570.16,3741.67
38658,366,174,12219,6,963.06,6320.08
38660,366,174,12219,2,956.73,4986.96
38663,366,174,12219,6,678.2,4450.69
38668,366,174,12219,2,424.02,2210.20
38671,366,174,12219,2,602.9,3142.62
38673,366,175,12224,2,212.02,1105.15
38679,366,175,12224,7,80.94,595.92
38681,366,175,12224,7,91.19,671.39
38684,366,175,12224,6,298.61,1959.63
38686,366,175,12224,2,767.23,3999.19
38688,366,175,12224,6,297.57,1952.80
38691,366,176,12227,6,443.7,2911.78
38693,366,176,12227,2,351.09,1830.06
38694,366,176,12227,2,806.74,4205.13
38695,366,176,12227,2,917.76,4783.82
38697,366,176,12227,5,96.54,529.76
38701,366,176,12227,7,84.93,625.30
38702,366,176,12227,6,568.79,3732.68
38708,366,176,12227,6,752.06,4935.39
38711,366,177,12231,7,96.26,708.71
38712,366,177,12231,6,239.18,1569.62
38713,366,177,12231,7,78.06,574.72
38716,366,177,12231,5,91.12,500.02
38717,366,177,12231,7,69.37,510.74
38718,366,177,12231,6,199.96,1312.24
38720,366,177,12231,6,639.47,4196.52
38727,366,177,12231,2,319.08,1663.20
38729,366,178,8821,2,954.73,4976.53
38732,366,178,8821,6,554.85,3641.20
38733,366,178,8821,2,448.38,2337.18
38734,366,178,8821,7,93.12,685.60
38739,366,178,8821,2,692.74,3610.91
38740,366,178,8821,2,138.66,722.77
38741,366,178,8821,4,85.74,539.09
38745,366,178,8821,2,552.28,2878.76
38746,366,178,8821,2,262.42,1367.86
38748,366,179,8827,2,621.06,3237.28
38752,366,179,8827,5,99.6,546.55
38754,366,179,8827,2,240.43,1253.24
38756,366,179,8827,4,93.28,586.50
38768,366,180,12248,7,98.93,728.37
38772,366,180,12248,6,573.59,3764.18
38773,366,180,12248,5,91.99,504.80
38778,366,180,12248,7,69.42,511.10
38779,366,180,12248,6,547.75,3594.61
38781,366,181,12252,6,102.74,674.23
38782,366,181,12252,7,89.2,656.74
38784,366,181,12252,6,940.7,6173.34
38786,366,181,12252,6,244.65,1605.52
38788,366,181,12252,2,482.26,2513.78
38789,366,181,12252,2,259.61,1353.22
38793,366,181,12252,2,251.08,1308.75
38796,366,181,12252,2,996.28,5193.11
38802,366,182,12255,7,94.33,694.50
38803,366,182,12255,7,73.6,541.88
38806,366,182,12255,2,618.17,3222.21
38810,366,182,12255,7,76.66,564.41
38813,366,182,12255,6,904.58,5936.31
38817,366,182,12255,6,537.83,3529.51
38818,366,182,12255,2,828.74,4319.81
38822,366,183,12264,6,868.94,5702.42
38829,366,183,12264,2,666.18,3472.46
38830,366,183,12264,2,859.49,4480.09
38831,366,183,12264,4,90.84,571.16
38833,366,183,12264,2,959.22,4999.93
38834,366,183,12264,2,486.14,2534.00
38835,366,183,12264,6,838.39,5501.93
38836,366,183,12264,6,506.76,3325.61
38838,366,184,12267,2,149.85,781.09
38840,366,184,12267,2,461.71,2406.66
38847,366,184,12267,7,91.2,671.46
38849,366,184,12267,5,98.63,541.23
38853,366,184,12267,2,583.91,3043.63
38855,366,185,12271,6,668.68,4388.21
38857,366,185,12271,4,82.89,521.17
38859,366,185,12271,6,262.09,1719.97
38861,366,185,12271,2,465.47,2426.26
38864,366,185,12271,7,76.22,561.17
38865,366,185,12271,5,93.22,511.54
38873,366,186,929,6,827.76,5432.18
38875,366,186,929,5,94.55,518.84
38879,366,186,929,4,92.18,579.58
38881,366,186,929,2,291.64,1520.17
38882,366,186,929,2,712.51,3713.96
38885,366,186,929,7,85.69,630.89
38890,366,187,8869,4,86.33,542.80
38891,366,187,8869,6,427.33,2804.35
38899,366,187,8869,6,518.5,3402.66
38900,366,187,8869,4,85.83,539.66
38901,366,187,8869,7,73.85,543.72
38911,366,188,12288,6,816.01,5355.07
38913,366,188,12288,7,79.54,585.61
38914,366,188,12288,7,80.52,592.83
38917,366,188,12288,7,83.35,613.66
38927,366,189,12294,7,89.38,658.06
38929,366,189,12294,6,710.27,4661.15
38930,366,189,12294,6,413.23,2711.82
38937,366,189,12294,7,80.56,593.12
38942,366,189,12294,6,100,656.25
38947,366,190,12296,6,129.76,851.55
38948,366,190,12296,2,659.24,3436.29
38949,366,190,12296,6,157.35,1032.61
38951,366,190,12296,6,680.12,4463.29
38952,366,190,12296,2,361.12,1882.34
38959,366,190,12296,4,97.63,613.85
38964,366,191,8888,7,83.47,614.55
38965,366,191,8888,5,98.37,539.81
38970,366,191,8888,2,668.34,3483.72
38974,366,191,8888,6,161.61,1060.57
38977,366,191,8888,7,84.82,624.49
38979,366,192,12309,6,434.39,2850.68
38981,366,192,12309,6,205.11,1346.03
38989,366,192,12309,2,356.81,1859.87
38990,366,192,12309,6,556.33,3650.92
38992,366,192,12309,2,656.73,3423.21
38993,366,192,12309,6,169.18,1110.24
38997,366,192,12309,2,844.27,4400.76
38999,366,193,12313,7,83.18,612.41
39002,366,193,12313,6,956.03,6273.95
39008,366,193,12313,7,91.17,671.24
39009,366,193,12313,2,224.62,1170.83
39010,366,193,12313,2,207.22,1080.13
39013,366,193,12313,7,84.3,620.66
39020,366,194,12315,2,790.86,4122.36
39027,366,194,12315,7,97.32,716.52
39029,366,194,12315,2,840.68,4382.04
39037,366,194,12315,6,843.8,5537.44
39038,366,194,12315,6,865.78,5681.68
39042,366,195,12324,2,372.52,1941.76
39047,366,195,12324,2,757.95,3950.81
39050,366,195,12324,6,360.8,2367.75
39056,366,195,12324,2,471.9,2459.78
39057,366,195,12324,6,650.66,4269.96
39058,366,195,12324,6,555.07,3642.65
39060,366,195,12324,2,609.61,3177.59
39061,366,196,12329,6,927.52,6086.85
39063,366,196,12329,7,91.22,671.61
39065,366,196,12329,6,94.89,622.72
39066,366,196,12329,2,741.29,3863.97
39069,366,196,12329,6,759.85,4986.52
39075,366,196,12329,2,436.8,2276.82
39079,366,196,12329,2,793.45,4135.86
39080,366,196,12329,2,884.77,4611.86
39081,366,196,12329,2,648.47,3380.15
39082,366,197,12334,6,270.71,1776.53
39083,366,197,12334,2,634.18,3305.66
39084,366,197,12334,4,83.18,522.99
39085,366,197,12334,7,76.88,566.03
39087,366,197,12334,7,87.61,645.03
39088,366,197,12334,4,91.77,577.00
39089,366,197,12334,6,973.07,6385.77
39094,366,197,12334,2,349.48,1821.66
39098,366,197,12334,6,413.12,2711.10
39100,366,198,12336,6,165.37,1085.24
39104,366,198,12336,4,85.86,539.84
39105,366,198,12336,6,801.27,5258.33
39110,366,198,12336,2,556.54,2900.96
39111,366,198,12336,6,848.88,5570.77
39112,366,198,12336,2,810.01,4222.18
39113,366,198,12336,6,136.99,899.00
39114,366,198,12336,6,998.27,6551.15
39119,366,199,12341,7,75.48,555.72
39125,366,199,12341,2,940.09,4900.22
39129,366,199,12341,2,274.46,1430.62
39138,366,200,8933,2,839.01,4373.34
39140,366,200,8933,6,859.39,5639.75
39141,366,200,8933,5,97.5,535.03
39142,366,200,8933,6,92.49,606.97
39144,366,200,8933,6,146.13,958.98
39145,366,200,8933,6,639.98,4199.87
39151,366,201,12352,2,583.36,3040.76
39153,366,201,12352,6,323.73,2124.48
39156,366,201,12352,2,506.35,2639.35
39159,366,201,12352,4,99.63,626.42
39160,366,201,12352,2,767.81,4002.21
39163,366,201,12352,6,170.52,1119.04
39164,366,201,12352,5,97.24,533.60
39166,366,202,12358,4,90.91,571.60
39168,366,202,12358,2,466.89,2433.66
39176,366,202,12358,2,598.96,3122.08
39177,366,202,12358,2,422.58,2202.70
39182,366,202,12358,4,84.1,528.78
39186,366,202,12358,6,938.83,6161.07
39189,366,203,12363,6,405.7,2662.41
39192,366,203,12363,2,553.45,2884.86
39197,366,203,12363,2,872.48,4547.80
39204,366,204,8953,6,402.05,2638.45
39205,366,204,8953,4,96.06,603.98
39214,366,204,8953,7,68.81,506.61
39216,366,204,8953,2,624.64,3255.94
39218,366,205,12374,5,99.08,543.70
39219,366,205,12374,6,514.08,3373.65
39222,366,205,12374,5,97.19,533.33
39224,366,205,12374,2,682.77,3558.94
39229,366,205,12374,2,473.5,2468.12
39230,366,205,12374,2,524.68,2734.89
39232,366,205,12374,6,317.21,2081.69
39233,366,206,12375,4,97.45,612.72
39234,366,206,12375,2,540.57,2817.72
39235,366,206,12375,5,97.36,534.26
39238,366,206,12375,4,89.47,562.54
39250,366,206,12375,2,647.27,3373.89
39255,366,207,12380,7,92.96,684.42
39256,366,207,12380,2,661.45,3447.81
39261,366,207,12380,2,847.33,4416.71
39262,366,207,12380,6,754.84,4953.64
39265,366,207,12380,2,450.36,2347.50
39268,366,208,12388,7,79.63,586.28
39270,366,208,12388,2,711.27,3707.49
39271,366,208,12388,6,608.33,3992.17
39276,366,208,12388,6,789.8,5183.06
39279,366,208,12388,6,801.38,5259.06
39285,366,209,12391,4,82.73,520.16
39286,366,209,12391,2,625.02,3257.92
39287,366,209,12391,6,794.64,5214.82
39288,366,209,12391,2,313.04,1631.72
39289,366,209,12391,2,598.76,3121.04
39290,366,209,12391,6,233.96,1535.36
39296,366,209,12391,6,803.92,5275.72
39299,366,209,12391,7,95.71,704.66
39307,366,210,12399,6,499.41,3277.38
39310,366,210,12399,4,84.85,533.49
39312,366,210,12399,2,924.31,4817.97
39315,366,210,12399,2,114.15,595.01
39319,366,210,12399,6,928.35,6092.30
39324,366,210,12399,4,82.99,521.80
39326,366,211,12403,6,417.67,2740.96
39327,366,211,12403,6,376.32,2469.60
39328,366,211,12403,2,207.87,1083.52
39330,366,211,12403,7,70.34,517.88
39332,366,211,12403,2,826.75,4309.43
39333,366,211,12403,2,243.24,1267.89
39335,366,211,12403,2,892.76,4653.51
39336,366,211,12403,7,86.47,636.64
39337,366,211,12403,5,96.74,530.86
39341,366,211,12403,6,334.36,2194.24
39342,366,211,12403,6,456.7,2997.09
39345,366,212,12407,6,837.69,5497.34
39346,366,212,12407,6,444.97,2920.12
39351,366,212,12407,6,739.28,4851.52
39352,366,212,12407,2,332.91,1735.29
39353,366,212,12407,2,436.17,2273.54
39354,366,212,12407,6,796.66,5228.08
39355,366,212,12407,2,775.9,4044.38
39356,366,212,12407,6,911.44,5981.33
39357,366,212,12407,2,164.26,856.21
39361,366,212,12407,2,529.85,2761.84
39363,366,212,12407,2,989.44,5157.46
39364,366,213,5580,2,248.4,1294.79
39371,366,213,5580,6,991.64,6507.64
39372,366,213,5580,6,340.57,2234.99
39373,366,213,5580,7,98.12,722.41
39375,366,213,5580,2,774.7,4038.12
39378,366,213,5580,2,372.22,1940.20
39380,366,213,5580,6,822.39,5396.93
39381,366,213,5580,5,99.73,547.27
39385,366,214,12417,2,750.2,3910.42
39390,366,214,12417,4,80.49,506.08
39397,366,214,12417,6,815.24,5350.01
39398,366,214,12417,7,88.98,655.12
39399,366,214,12417,2,165.9,864.75
39401,366,215,9009,2,561.11,2924.79
39404,366,215,9009,6,409.59,2687.93
39408,366,215,9009,4,97.46,612.78
39413,366,215,9009,6,534.83,3509.82
39416,366,215,9009,7,77.43,570.08
39418,366,216,12429,6,228.51,1499.60
39422,366,216,12429,2,247.38,1289.47
39423,366,216,12429,2,654.83,3413.30
39424,366,216,12429,2,259.49,1352.59
39425,366,216,12429,6,285.43,1873.13
39435,366,217,9019,5,91.13,500.08
39436,366,217,9019,6,174.66,1146.21
39438,366,217,9019,5,91.59,502.60
39439,366,217,9019,4,81.38,511.68
39440,366,217,9019,6,83.66,549.02
39443,366,217,9019,2,691.65,3605.23
39445,366,217,9019,2,955.78,4982.00
39451,366,217,9019,2,318.97,1662.63
39452,366,218,12435,2,231.47,1206.54
39453,366,218,12435,6,168.71,1107.16
39460,366,218,12435,6,696.64,4571.70
39463,366,218,12435,6,242.35,1590.42
39465,366,218,12435,6,346.37,2273.05
39466,366,218,12435,2,641.36,3343.09
39474,366,219,9026,6,467.14,3065.61
39476,366,219,9026,2,483.43,2519.88
39478,366,219,9026,7,78.44,577.51
39481,366,219,9026,7,94.7,697.23
39482,366,219,9026,6,626.6,4112.06
39483,366,219,9026,2,494.13,2575.65
39484,366,219,9026,6,273.73,1796.35
39485,366,219,9026,4,85.2,535.69
39488,366,219,9026,2,716.2,3733.19
39495,366,220,12445,2,866.47,4516.47
39497,366,220,12445,6,570.53,3744.10
39498,366,220,12445,2,806.52,4203.99
39501,366,220,12445,2,824.39,4297.13
39504,366,220,12445,4,91.25,573.73
39510,366,221,12454,6,721.52,4734.97
39515,366,221,12454,2,437.34,2279.63
39520,366,221,12454,2,617,3216.11
39523,366,221,12454,6,700.65,4598.02
39524,366,221,12454,6,589.83,3870.76
39530,366,222,12455,6,327.4,2148.56
39539,366,222,12455,6,109.53,718.79
39540,366,222,12455,2,216.26,1127.26
39541,366,222,12455,2,152,792.30
39542,366,222,12455,2,335.98,1751.30
39545,366,223,12464,7,94.97,699.22
39553,366,223,12464,7,87.98,647.75
39555,366,223,12464,2,590.25,3076.68
39556,366,223,12464,7,93.36,687.36
39559,366,223,12464,4,80.8,508.03
39560,366,223,12464,6,964.52,6329.66
39561,366,224,12469,7,87.44,643.78
39562,366,224,12469,2,885.76,4617.02
39566,366,224,12469,6,509.01,3340.38
39567,366,224,12469,6,164.97,1082.62
39569,366,224,12469,2,479.55,2499.65
39572,366,224,12469,6,300.39,1971.31
39578,366,224,12469,6,467.56,3068.36
39579,366,224,12469,6,537.55,3527.67
39580,366,224,12469,7,76.3,561.76
39581,366,225,12470,6,381.05,2500.64
39582,366,225,12470,2,448.13,2335.88
39584,366,225,12470,2,490.87,2558.66
39587,366,225,12470,4,93.6,588.51
39589,366,225,12470,7,79.22,583.26
39594,366,225,12470,7,93.37,687.44
39598,366,226,12478,6,516.11,3386.97
39599,366,226,12478,2,603.97,3148.19
39600,366,226,12478,6,413.19,2711.56
39601,366,226,12478,6,543.16,3564.49
39604,366,226,12478,2,831.63,4334.87
39615,366,226,12478,2,466.26,2430.38
39622,366,227,12483,6,313.21,2055.44
39626,366,227,12483,6,805.94,5288.98
39627,366,227,12483,6,751.91,4934.41
39629,366,227,12483,7,76.94,566.47
39630,366,227,12483,4,82.56,519.10
39631,366,227,12483,2,664.26,3462.46
39640,366,228,12485,2,694.14,3618.20
39646,366,228,12485,2,641.04,3341.42
39652,366,228,12485,6,318.5,2090.16
39655,366,228,12485,2,423.94,2209.79
39656,366,228,12485,4,90.44,568.64
39658,366,229,12494,6,379.12,2487.97
39660,366,229,12494,2,307.36,1602.11
39662,366,229,12494,2,661.88,3450.05
39663,366,229,12494,6,626.03,4108.32
39664,366,229,12494,4,96.61,607.44
39669,366,229,12494,7,77.87,573.32
39670,366,229,12494,7,68.73,506.02
39674,366,229,12494,2,317.68,1655.91
39676,366,230,12498,2,179.81,937.26
39681,366,230,12498,6,588.76,3863.74
39686,366,230,12498,2,732.92,3820.35
39691,366,230,12498,2,728.91,3799.44
39693,366,231,12501,2,286.34,1492.55
39704,366,231,12501,4,84.98,534.31
39705,366,231,12501,4,81.01,509.35
39706,366,231,12501,6,254.85,1672.45
39716,366,232,12508,6,291.26,1911.39
39719,366,232,12508,6,690.59,4532.00
39724,366,232,12508,4,96.33,605.67
39727,366,232,12508,7,81.74,601.81
39729,366,232,12508,6,883.66,5799.02
39730,366,232,12508,4,99.31,624.41
39732,366,233,12514,5,91.31,501.06
39734,366,233,12514,6,406.56,2668.05
39735,366,233,12514,2,606.75,3162.68
39736,366,233,12514,2,586.8,3058.70
39737,366,233,12514,4,86.86,546.13
39747,366,234,12515,6,364.82,2394.13
39750,366,234,12515,2,481.95,2512.16
39752,366,234,12515,6,412.6,2707.69
39755,366,234,12515,6,179.08,1175.21
39757,366,234,12515,6,835.91,5485.66
39759,366,234,12515,4,81.02,509.41
39762,366,234,12515,7,89.08,655.85
39764,366,235,12523,6,158.59,1040.75
39773,366,235,12523,2,272.46,1420.20
39775,366,235,12523,6,89.62,588.13
39777,366,235,12523,6,359.26,2357.64
39781,366,235,12523,7,68.59,504.99
39786,366,236,12529,5,99.05,543.54
39796,366,236,12529,2,884.08,4608.27
39798,366,236,12529,6,671.24,4405.01
39802,366,236,12529,2,986.05,5139.79
39807,366,237,12533,2,717.38,3739.34
39809,366,237,12533,7,85.47,629.27
39811,366,237,12533,2,503.02,2621.99
39813,366,237,12533,7,87.55,644.59
39814,366,237,12533,5,91.6,502.65
39821,366,237,12533,7,75.52,556.02
39824,366,237,12533,2,501.84,2615.84
39826,366,238,9124,7,78.05,574.64
39827,366,238,9124,6,961.55,6310.17
39834,366,238,9124,6,233.13,1529.92
39836,366,238,9124,6,810.67,5320.02
39840,366,238,9124,6,908.57,5962.49
39846,366,239,12544,6,904.65,5936.77
39848,366,239,12544,2,716.08,3732.57
39849,366,239,12544,6,612.43,4019.07
39851,366,239,12544,2,834.2,4348.27
39852,366,239,12544,6,589.49,3868.53
39857,366,240,12547,2,271.27,1413.99
39858,366,240,12547,2,300.37,1565.68
39861,366,240,12547,2,688.23,3587.40
39862,366,240,12547,4,91.9,577.82
39866,366,240,12547,2,782.73,4079.98
39867,366,240,12547,2,451.12,2351.46
39871,366,240,12547,4,88.48,556.32
39872,366,240,12547,6,392.79,2577.68
39874,366,241,12552,2,310.59,1618.95
39876,366,241,12552,6,438.56,2878.05
39877,366,241,12552,4,94.24,592.53
39879,366,241,12552,5,96.51,529.60
39881,366,241,12552,6,239.88,1574.21
39882,366,241,12552,6,555.75,3647.11
39883,366,241,12552,2,723.89,3773.28
39884,366,241,12552,7,96.66,711.66
39886,366,241,12552,6,610.92,4009.16
39887,366,241,12552,7,78.12,575.16
39889,366,241,12552,2,849.96,4430.42
39891,366,241,12552,2,525.24,2737.81
39892,366,241,12552,6,563.47,3697.77
39895,366,242,12555,4,88.92,559.08
39899,366,242,12555,6,319.25,2095.08
39900,366,242,12555,6,412.87,2709.46
39904,366,242,12555,2,963.33,5021.36
39905,366,242,12555,6,799.02,5243.57
39906,366,242,12555,7,68.13,501.61
39909,366,243,12560,2,434.36,2264.10
39913,366,243,12560,4,93.18,585.87
39914,366,243,12560,7,90.04,662.92
39915,366,243,12560,2,179.95,937.99
39917,366,243,12560,6,322.56,2116.80
39918,366,243,12560,6,110.64,726.08
39921,366,243,12560,2,255.64,1332.52
39925,366,244,12569,4,85.33,536.51
39937,366,244,12569,2,290.57,1514.60
39941,366,244,12569,2,674.26,3514.58
39944,366,244,12569,4,99.49,625.54
39947,366,245,9158,2,779.97,4065.59
39953,366,245,9158,4,89.12,560.34
39955,366,245,9158,2,203.2,1059.18
39962,366,245,9158,5,93.86,515.06
39963,366,245,9158,5,94.76,520.00
39965,366,246,9164,2,603.33,3144.86
39967,366,246,9164,2,517.18,2695.80
39970,366,246,9164,2,248.61,1295.88
39975,366,246,9164,2,769.32,4010.08
39977,366,246,9164,5,94.64,519.34
39982,366,247,12583,2,301.25,1570.27
39984,366,247,12583,4,88.04,553.55
39987,366,247,12583,2,684.06,3565.66
39991,366,247,12583,2,798.53,4162.34
39992,366,247,12583,4,96.62,607.50
39995,366,247,12583,7,97.26,716.08
39996,366,247,12583,2,458.91,2392.07
39999,366,248,12587,4,80.2,504.26
40003,366,248,12587,6,690.55,4531.73
40011,366,248,12587,7,82.04,604.02
40012,366,248,12587,2,878.16,4577.41
40021,366,249,12594,2,952.86,4966.78
40022,366,249,12594,6,375,2460.94
40024,366,249,12594,6,163.97,1076.05
40025,366,249,12594,6,770.97,5059.49
40026,366,249,12594,2,395.14,2059.67
40027,366,249,12594,6,196.24,1287.83
40028,366,249,12594,7,87.95,647.53
40029,366,249,12594,2,646.59,3370.35
40030,366,249,12594,6,411.46,2700.21
40034,366,249,12594,2,997.43,5199.10
40036,366,249,12594,6,272.84,1790.51
40037,366,249,12594,5,98.32,539.53
40038,366,249,12594,2,726.38,3786.26
40039,366,250,12596,6,533.9,3503.72
40042,366,250,12596,4,97.23,611.33
40051,366,250,12596,2,278.26,1450.43
40053,366,250,12596,6,449.98,2952.99
40054,366,251,12600,4,82.99,521.80
40056,366,251,12600,2,692.22,3608.20
40057,366,251,12600,6,719.92,4724.47
40064,366,251,12600,2,107.94,562.64
40068,366,251,12600,2,963.85,5024.07
40072,366,252,9194,2,390.54,2035.69
40073,366,252,9194,6,808.04,5302.76
40074,366,252,9194,6,260.5,1709.53
40077,366,252,9194,2,563.89,2939.28
40081,366,252,9194,2,552.29,2878.81
40082,366,252,9194,4,94.03,591.21
40085,366,252,9194,6,362.46,2378.64
40090,366,253,12610,2,905.71,4721.01
40091,366,253,12610,6,344.41,2260.19
40092,366,253,12610,6,904.51,5935.85
40096,366,253,12610,6,710.44,4662.26
40098,366,253,12610,5,92.92,509.90
40099,366,253,12610,2,948.09,4941.92
40104,366,254,12618,6,524.18,3439.93
40105,366,254,12618,4,86.75,545.44
40109,366,254,12618,6,555.87,3647.90
40111,366,254,12618,6,98,643.12
40112,366,254,12618,5,97.71,536.18
40115,366,254,12618,2,520.24,2711.75
40118,366,254,12618,6,861.69,5654.84
40120,366,254,12618,2,322.92,1683.22
40122,366,255,12624,2,861.48,4490.46
40124,366,255,12624,6,304.33,1997.17
40125,366,255,12624,6,408.41,2680.19
40136,366,255,12624,2,124.58,649.37
40138,366,255,12624,5,99.54,546.23
40141,366,256,9212,2,785.5,4094.42
40142,366,256,9212,4,96.58,607.25
40145,366,256,9212,2,576.9,3007.09
40147,366,256,9212,4,90.43,568.58
40149,366,256,9212,4,85.33,536.51
40151,366,256,9212,6,674.03,4423.32
40153,366,256,9212,6,738.69,4847.65
40155,366,256,9212,6,140.81,924.07
40157,366,257,12630,6,364.65,2393.02
40158,366,257,12630,2,923.16,4811.97
40160,366,257,12630,7,81.69,601.44
40164,366,257,12630,4,85.93,540.28
40166,366,257,12630,6,185.85,1219.64
40167,366,257,12630,6,763.42,5009.94
40170,366,257,12630,6,836.92,5492.29
40171,366,257,12630,6,837.83,5498.26
40173,366,257,12630,2,418.9,2183.52
40175,366,257,12630,2,215.88,1125.27
40176,366,258,12639,2,639.3,3332.35
40177,366,258,12639,2,263.1,1371.41
40182,366,258,12639,7,97.47,717.62
40183,366,258,12639,2,826.06,4305.84
40185,366,258,12639,7,75.98,559.40
40188,366,258,12639,7,99.04,729.18
40189,366,258,12639,6,710.72,4664.10
40190,366,258,12639,6,144.45,947.95
40191,366,259,12644,7,67.96,500.36
40195,366,259,12644,7,96.1,707.54
40198,366,259,12644,2,334.21,1742.07
40199,366,259,12644,7,87.05,640.91
40201,366,259,12644,2,923.96,4816.14
40209,366,260,9234,2,247.78,1291.55
40211,366,260,9234,6,681.66,4473.39
40212,366,260,9234,4,91.29,573.99
40220,366,260,9234,2,565.72,2948.82
40221,366,260,9234,2,880.33,4588.72
40222,366,260,9234,4,98.4,618.69
40224,366,260,9234,6,820.66,5385.58
40231,366,261,12654,2,584,3044.10
40235,366,261,12654,7,89.47,658.72
40236,366,261,12654,6,374.77,2459.43
40244,366,262,12656,6,303.54,1991.98
40246,366,262,12656,7,74.43,547.99
40251,366,262,12656,2,585.97,3054.37
40252,366,262,12656,7,95.59,703.78
40253,366,262,12656,2,190.26,991.73
40255,366,262,12656,6,986.38,6473.12
40259,366,262,12656,7,96.3,709.01
40264,366,263,12663,5,99.98,548.64
40265,366,263,12663,6,914.91,6004.10
40266,366,263,12663,2,506.87,2642.06
40270,366,263,12663,2,889.38,4635.89
40271,366,263,12663,2,679.86,3543.77
40272,366,263,12663,2,856.1,4462.42
40274,366,263,12663,5,93.73,514.34
40277,366,264,12666,6,129.69,851.09
40278,366,264,12666,6,551.97,3622.30
40280,366,264,12666,2,370.89,1933.26
40285,366,264,12666,6,976.11,6405.72
40286,366,264,12666,2,505.02,2632.42
40288,366,264,12666,2,420.1,2189.77
40289,366,264,12666,6,480.6,3153.94
40290,366,264,12666,2,138.11,719.90
40291,366,264,12666,6,294.66,1933.71
40292,366,264,12666,7,77.62,571.48
40293,366,264,12666,2,802.03,4180.58
40295,366,265,12670,2,707.57,3688.21
40300,366,265,12670,7,91.14,671.02
40301,366,265,12670,6,388.89,2552.09
40302,366,265,12670,2,522.17,2721.81
40306,366,265,12670,6,404.62,2655.32
40307,366,265,12670,6,379.08,2487.71
40309,366,265,12670,7,79.1,582.37
40318,366,266,12677,7,96.96,713.87
40320,366,266,12677,2,288.86,1505.68
40324,366,266,12677,2,308.21,1606.54
40325,366,266,12677,2,781.35,4072.79
40329,366,266,12677,6,141.12,926.10
40330,366,266,12677,6,532.71,3495.91
40331,366,266,12677,7,86.03,633.40
40334,366,266,12677,2,966.37,5037.20
40336,366,266,12677,2,837.59,4365.94
40338,366,267,12684,2,816.38,4255.38
40342,366,267,12684,4,96.74,608.25
40346,366,267,12684,4,88.69,557.64
40349,366,267,12684,2,154.25,804.03
40350,366,267,12684,2,279.66,1457.73
40352,366,267,12684,5,97.77,536.51
40353,366,267,12684,6,522.45,3428.58
40362,366,268,12687,7,83.7,616.24
40363,366,268,12687,6,310.75,2039.30
40367,366,268,12687,7,78.07,574.79
40369,366,268,12687,2,369.75,1927.32
40370,366,268,12687,2,683.83,3564.46
40371,366,268,12687,6,88.09,578.09
40377,366,269,12694,2,145.82,760.09
40378,366,269,12694,7,92.96,684.42
40379,366,269,12694,6,78.83,517.32
40381,366,269,12694,2,822.86,4289.16
40382,366,269,12694,6,384.68,2524.46
40389,366,269,12694,6,875.37,5744.62
40395,366,270,9283,2,770.02,4013.73
40396,366,270,9283,2,756.62,3943.88
40397,366,270,9283,2,537.8,2803.28
40399,366,270,9283,7,87.71,645.76
40400,366,270,9283,2,237.42,1237.55
40403,366,270,9283,6,164.88,1082.02
40404,366,270,9283,6,497.49,3264.78
40405,366,270,9283,2,478.21,2492.67
40406,366,270,9283,6,756.6,4965.19
40407,366,270,9283,6,591.69,3882.97
40411,366,271,12702,6,145.1,952.22
40412,366,271,12702,5,92.85,509.51
40413,366,271,12702,2,583.35,3040.71
40416,366,271,12702,7,89.52,659.09
40420,366,271,12702,7,86.71,638.40
40422,366,271,12702,2,660.48,3442.75
40423,366,271,12702,6,498.08,3268.65
40434,366,272,12708,6,596.91,3917.22
40437,366,272,12708,7,82.23,605.42
40439,366,272,12708,7,87.3,642.75
40440,366,272,12708,6,364.54,2392.29
40443,366,272,12708,2,843.38,4396.12
40447,366,273,9296,2,988.12,5150.58
40448,366,273,9296,2,503.58,2624.91
40451,366,273,9296,6,478,3136.88
40452,366,273,9296,6,679.07,4456.40
40454,366,273,9296,2,972.7,5070.20
40455,366,273,9296,6,815.6,5352.38
40456,366,273,9296,6,264.55,1736.11
40457,366,273,9296,4,88.94,559.21
40460,366,273,9296,5,99.93,548.37
40462,366,273,9296,5,91.68,503.09
40465,366,274,12718,6,810.77,5320.68
40468,366,274,12718,2,753.45,3927.36
40474,366,274,12718,6,391.11,2566.66
40475,366,274,12718,4,98.42,618.82
40477,366,274,12718,5,96.16,527.68
40478,366,274,12718,2,649.84,3387.29
40482,366,275,9309,6,859.15,5638.17
40484,366,275,9309,5,93.49,513.03
40485,366,275,9309,6,721.35,4733.86
40491,366,275,9309,2,427.45,2228.08
40492,366,275,9309,6,808.37,5304.93
40497,366,276,12725,2,253.71,1322.46
40500,366,276,12725,2,762.02,3972.03
40504,366,276,12725,6,717.08,4705.84
40505,366,276,12725,2,206.44,1076.07
40506,366,276,12725,2,99.79,520.16
40513,366,276,12725,2,167.69,874.08
40516,366,277,12733,2,903.17,4707.77
40518,366,277,12733,2,768.03,4003.36
40525,366,277,12733,6,135.06,886.33
40526,366,277,12733,7,94.26,693.99
40527,366,277,12733,5,93.08,510.78
40528,366,277,12733,7,69.87,514.42
40530,366,277,12733,2,286.72,1494.53
40533,366,278,12737,6,868.49,5699.47
40535,366,278,12737,2,704.56,3672.52
40536,366,278,12737,6,185.75,1218.98
40540,366,278,12737,7,78.39,577.15
40541,366,278,12737,2,222.56,1160.09
40543,366,278,12737,6,539.48,3540.34
40544,366,278,12737,5,99.09,543.76
40546,366,278,12737,2,663.58,3458.91
40557,366,279,12740,4,93.51,587.94
40558,366,279,12740,7,80.61,593.49
40559,366,279,12740,6,341.95,2244.05
40564,366,279,12740,2,418.56,2181.74
40567,366,279,12740,2,990.3,5161.94
40572,366,280,12746,2,490.12,2554.75
40573,366,280,12746,2,664.87,3465.63
40574,366,280,12746,6,187.6,1231.12
40576,366,280,12746,2,306.76,1598.99
40578,366,280,12746,4,80.96,509.04
40582,366,280,12746,6,768.18,5041.18
40583,366,280,12746,6,210.62,1382.19
40584,366,280,12746,2,850.12,4431.25
40585,366,280,12746,4,82.54,518.97
40589,366,281,12750,2,444.31,2315.97
40590,366,281,12750,2,349.79,1823.28
40591,366,281,12750,2,355.99,1855.60
40593,366,281,12750,6,340.77,2236.30
40595,366,281,12750,2,557.96,2908.37
40603,366,281,12750,6,929.27,6098.33
40607,366,281,12750,2,352.03,1834.96
40608,366,281,12750,2,771.88,4023.42
40613,366,282,12756,6,764.12,5014.54
40615,366,282,12756,2,589.23,3071.36
40618,366,282,12756,4,98.83,621.39
40621,366,282,12756,2,774.08,4034.89
40623,366,282,12756,7,87.13,641.49
40629,366,283,12763,6,991.82,6508.82
40630,366,283,12763,2,354.38,1847.21
40635,366,283,12763,6,880.01,5775.07
40636,366,283,12763,6,909.9,5971.22
40639,366,283,12763,6,794.37,5213.05
40641,366,283,12763,5,96.83,531.35
40642,366,283,12763,6,897.29,5888.47
40645,366,283,12763,2,902.43,4703.92
40647,366,284,12768,2,816.42,4255.59
40651,366,284,12768,7,77.54,570.89
40654,366,284,12768,6,925.04,6070.57
40655,366,284,12768,6,92.56,607.43
40656,366,284,12768,5,97.63,535.74
40659,366,284,12768,6,674.59,4427.00
40661,366,284,12768,2,573.81,2990.98
40662,366,284,12768,6,690.65,4532.39
40665,366,285,9359,6,233.22,1530.51
40666,366,285,9359,7,70.15,516.48
40673,366,285,9359,6,641.79,4211.75
40681,366,286,12779,2,360.23,1877.70
40682,366,286,12779,2,935.54,4876.50
40687,366,286,12779,2,545.56,2843.73
40691,366,286,12779,2,220.96,1151.75
40695,366,286,12779,4,86.25,542.30
40699,366,287,12780,2,544.2,2836.64
40704,366,287,12780,2,943.48,4917.89
40705,366,287,12780,2,388.36,2024.33
40708,366,287,12780,7,68.76,506.25
40712,366,287,12780,2,430.59,2244.45
40714,366,287,12780,6,887.89,5826.78
40715,366,287,12780,6,271.83,1783.88
40716,366,287,12780,7,84.61,622.94
40717,366,287,12780,2,761.42,3968.90
40718,366,287,12780,2,330.53,1722.89
40720,366,288,12787,2,817.27,4260.02
40721,366,288,12787,2,732.38,3817.53
40727,366,288,12787,7,84.66,623.31
40729,366,288,12787,7,94.64,696.79
40730,366,288,12787,7,81.01,596.44
40731,366,288,12787,7,76.67,564.48
40732,366,288,12787,6,701.38,4602.81
40734,366,288,12787,6,549.52,3606.22
40739,366,289,12793,6,359.24,2357.51
40744,366,289,12793,6,131.6,863.62
40746,366,289,12793,2,417.19,2174.60
40755,366,290,12797,6,995.98,6536.12
40759,366,290,12797,6,422.1,2770.03
40760,366,290,12797,6,934.48,6132.53
40762,366,290,12797,7,74.86,551.16
40764,366,290,12797,2,441.64,2302.05
40766,366,290,12797,6,315.06,2067.58
40770,366,291,12800,4,83.69,526.20
40771,366,291,12800,6,99.51,653.03
40780,366,291,12800,6,844.77,5543.80
40782,366,291,12800,6,266.78,1750.74
40785,366,292,12809,6,721.86,4737.21
40789,366,292,12809,7,83.08,611.68
40791,366,292,12809,6,883.7,5799.28
40792,366,292,12809,2,813.35,4239.59
40794,366,292,12809,2,893.76,4658.72
40796,366,292,12809,2,275.46,1435.84
40797,366,292,12809,7,75.44,555.43
40798,366,292,12809,2,870.39,4536.91
40799,366,292,12809,6,523.28,3434.02
40803,366,293,9399,4,80.98,509.16
40804,366,293,9399,7,76.5,563.23
40805,366,293,9399,7,81.34,598.87
40809,366,293,9399,2,308.8,1609.62
40810,366,293,9399,6,367.61,2412.44
40812,366,293,9399,7,95.74,704.89
40813,366,293,9399,7,67.98,500.50
40814,366,293,9399,2,211.66,1103.28
40815,366,293,9399,7,82.31,606.01
40818,366,294,12817,2,170.77,890.14
40820,366,294,12817,2,483.25,2518.94
40828,366,294,12817,7,76.82,565.59
40832,366,294,12817,2,998.21,5203.17
40834,366,294,12817,2,192.37,1002.73
40837,366,295,9406,6,327.47,2149.02
40840,366,295,9406,2,901.78,4700.53
40843,366,295,9406,4,84.99,534.37
40844,366,295,9406,6,649.52,4262.47
40853,366,296,12827,2,830.19,4327.37
40857,366,296,12827,7,91.98,677.20
40858,366,296,12827,6,698.01,4580.69
40859,366,296,12827,6,144.39,947.56
40860,366,296,12827,2,440.98,2298.61
40862,366,296,12827,4,98.08,616.68
40865,366,296,12827,6,556.99,3655.25
40868,366,296,12827,2,737.44,3843.91
40870,366,296,12827,2,591.66,3084.03
40876,366,297,12831,2,782.51,4078.83
40888,366,297,12831,2,790.62,4121.11
40890,366,297,12831,7,88.08,648.49
40891,366,298,12837,2,937.19,4885.10
40893,366,298,12837,4,92.42,581.09
40894,366,298,12837,2,764.27,3983.76
40900,366,298,12837,7,88.98,655.12
40901,366,298,12837,2,804.2,4191.89
40903,366,298,12837,2,544.29,2837.11
40905,366,298,12837,6,113.88,747.34
40907,366,298,12837,6,257.1,1687.22
40909,366,298,12837,6,769.56,5050.24
40914,366,299,12840,2,779.84,4064.92
40915,366,299,12840,6,446.92,2932.91
40917,366,299,12840,2,177.17,923.50
40920,366,299,12840,5,91.5,502.11
40921,366,299,12840,6,630.53,4137.85
40926,366,299,12840,4,92.77,583.29
40927,366,299,12840,2,360.27,1877.91
40928,366,299,12840,2,798.1,4160.10
40930,366,299,12840,6,982.9,6450.28
40934,366,300,6018,6,306.93,2014.23
40935,366,300,6018,2,515.28,2685.90
40939,366,300,6018,6,90.12,591.41
40941,366,300,6018,2,620.54,3234.56
40943,366,300,6018,2,619.92,3231.33
40945,366,300,6018,6,424.74,2787.36
40948,366,301,12853,7,93.76,690.31
40949,366,301,12853,6,947.62,6218.76
40950,366,301,12853,4,82.81,520.67
40951,366,301,12853,2,180.72,942.00
40952,366,301,12853,4,81.27,510.99
40953,366,301,12853,2,711.58,3709.11
40955,366,301,12853,6,501.62,3291.88
40956,366,301,12853,6,894.66,5871.21
40961,366,301,12853,6,842.69,5530.15
40965,366,301,12853,2,244.85,1276.28
40968,366,302,12857,6,143.01,938.50
40969,366,302,12857,6,959.87,6299.15
40972,366,302,12857,5,97.97,537.61
40973,366,302,12857,2,725.17,3779.95
40982,366,303,9449,7,70.32,517.73
40984,366,303,9449,6,473.64,3108.26
40986,366,303,9449,6,659.66,4329.02
40987,366,303,9449,2,639.29,3332.30
40996,366,303,9449,6,389.96,2559.11
41001,366,304,9452,6,338.27,2219.90
41004,366,304,9452,6,960.54,6303.54
41008,366,304,9452,6,264.6,1736.44
41018,366,305,12873,2,702.78,3663.24
41023,366,305,12873,2,824.01,4295.15
41026,366,305,12873,7,73.75,542.98
41029,366,305,12873,7,92.86,683.68
41030,366,305,12873,4,82.77,520.42
41031,366,305,12873,6,483.59,3173.56
41032,366,305,12873,6,739.14,4850.61
41038,366,305,12873,2,378.1,1970.85
41039,366,306,12879,7,98.92,728.30
41041,366,306,12879,2,498.73,2599.63
41042,366,306,12879,6,153.81,1009.38
41044,366,306,12879,6,520.03,3412.70
41045,366,306,12879,4,93.34,586.88
41047,366,306,12879,2,552.23,2878.50
41052,366,306,12879,6,338.4,2220.75
41057,366,306,12879,2,250.64,1306.46
41059,366,306,12879,7,68.36,503.30
41060,366,307,12883,2,120.05,625.76
41062,366,307,12883,6,232.64,1526.70
41064,366,307,12883,6,477.51,3133.66
41066,366,307,12883,2,979.89,5107.68
41070,366,307,12883,7,89.68,660.27
41073,366,307,12883,2,543.38,2832.37
41074,366,307,12883,7,93.05,685.08
41077,366,307,12883,6,866.04,5683.39
41080,366,308,12889,2,956.63,4986.43
41081,366,308,12889,4,91.87,577.63
41082,366,308,12889,2,264.12,1376.73
41088,366,308,12889,5,94.47,518.40
41093,366,308,12889,7,69.94,514.93
41096,366,308,12889,2,490.57,2557.10
41099,366,309,9479,2,763.42,3979.33
41102,366,309,9479,6,143.51,941.78
41108,366,309,9479,6,616.06,4042.89
41112,366,309,9479,6,402.66,2642.46
41113,366,309,9479,7,92.85,683.61
41117,366,310,12898,5,98.05,538.05
41118,366,310,12898,6,521.76,3424.05
